{
  "name": "TSLog File",
  "scopeName": "text.tslog",
  "patterns": [
    {
      "match": "(?!\\d{4}-\\d{2}-\\d{2} \\d{2}:\\d{2}:\\d{2}\\.\\d{3} )(SLY)",
      "name": "comment log.silly"
    },
    {
      "match": "(?!\\d{4}-\\d{2}-\\d{2} \\d{2}:\\d{2}:\\d{2}\\.\\d{3} )(TRC)",
      "name": "comment log.trace"
    },
    {
      "match": "(?!\\d{4}-\\d{2}-\\d{2} \\d{2}:\\d{2}:\\d{2}\\.\\d{3} )(DBG)",
      "name": "comment log.debug"
    },
    {
      "match": "(?!\\d{4}-\\d{2}-\\d{2} \\d{2}:\\d{2}:\\d{2}\\.\\d{3} )(INF)",
      "name": "markup.inserted log.info"
    },
    {
      "match": "(?!\\d{4}-\\d{2}-\\d{2} \\d{2}:\\d{2}:\\d{2}\\.\\d{3} )(WRN)",
      "name": "marup.deleted log.warn log.warning"
    },
    {
      "match": "(?!\\d{4}-\\d{2}-\\d{2} \\d{2}:\\d{2}:\\d{2}\\.\\d{3} )(ERR)",
      "name": "string.regexp, strong log.error"
    },
    {
      "match": "(?!\\d{4}-\\d{2}-\\d{2} \\d{2}:\\d{2}:\\d{2}\\.\\d{3} )(FTL)",
      "name": "string.regexp log.fatal"
    },
    {
      "match": "^(?:[a-zA-Z]:|[\\/]{2}[^\\/]+[\\/][^\\/]+)(?:[\\/][^\\/]+)*[\\/]?$",
      "name": "string path.windows.local"
    },
    {
      "match": "^\\\\\\\\[^\\\\]+\\\\[^\\\\]+",
      "name": "string path.windows.network"
    },
    {
      "match": "^/(?:[^/]+/)*[^/]*$",
      "name": "string path.linux"
    },
    {
      "match": "\\b([0-9a-fA-F]{40}|[0-9a-fA-F]{10}|[0-9a-fA-F]{7})\\b",
      "name": "constant.language log.constant git.commitid"
    },
    {
      "match": "\\b[0-9a-fA-F]{8}[-]?([0-9a-fA-F]{4}[-]?){3}[0-9a-fA-F]{12}\\b",
      "name": "constant.language log.constant guid"
    },
    {
      "match": "\\b([0-9]+|true|false|null)\\b",
      "name": "constant.language log.constant constant.basic"
    },
    {
      "match": "\\b(0x[a-fA-F0-9]+)\\b",
      "name": "constant.numeric log.constant constant.hex"
    }
  ]
}